{
	"a": " # #### #",
	"b": "#  ######",
	"c": "####  ###",
	"d": "  #######",
	"e": "##### ###",
	"f": "##### #  ",
	"g": "## # ####",
	"h": "# ##### #",
	"i": " #  #  # ",
	"1": "##  #  # ",
	"j": "  ## ####",
	"k": "# ### # #",
	"l": "#  #  ###",
	"m": "## #### #",
	"n": "## # ## #",
	"o": "#### ####",
	"0": "#### ####",
	"p": "#######  ",
	"q": "#### ### ",
	"r": "#### ##  ",
	"s": " ## # ## ",
	"t": "### #  # ",
	"u": "# ## ####",
	"v": "# ## # # ",
	"w": "# ###### ",
	"x": "# # # # #",
	"y": "# #### # ",
	"z": "##  #  ##",
	" ": "         ",
	".": "      #  ",
	":": "#     #  ",
	"\"": "# #      ",
	"2": "##  #  ##",
	"3": "### #####",
	"4": "#  ### # ",
	"5": "## ### ##",
	"6": "#  ######",
	"7": "### # #  ",
	"8": "#########",
	"9": "######  #"
}
